country,hepatitis_B,polio,diphtheria ,under_five_deaths ,life_expectancy ,total_expenditure,population,year,
Afghanistan,65,6,65,83,65,8.16,33736494,2015,
Afghanistan,62,58,62,86,59.9,8.18,327582,2014,
Afghanistan,64,62,64,89,59.9,8.13,31731688,2013,
Afghanistan,67,67,67,93,59.5,8.52,3696958,2012,
Afghanistan,68,68,68,97,59.2,7.87,2978599,2011,
Afghanistan,66,66,66,102,58.8,9.2,2883167,2010,
Afghanistan,63,63,63,106,58.6,9.42,284331,2009,
Afghanistan,64,64,64,110,58.1,8.33,2729431,2008,
Afghanistan,63,63,63,113,57.5,6.73,26616792,2007,
Afghanistan,64,58,58,116,57.3,7.43,2589345,2006,
Afghanistan,66,58,58,118,57.3,8.7,257798,2005,
Afghanistan,67,5,5,120,57,8.79,24118979,2004,
Afghanistan,65,41,41,122,56.7,8.82,2364851,2003,
Afghanistan,64,36,36,122,56.2,7.76,21979923,2002,
Afghanistan,63,35,33,122,55.3,7.8,2966463,2001,
Afghanistan,62,24,24,122,54.8,8.2,293756,2000,
Armenia,94,96,94,1,74.8,4.86,291695,2015,
Armenia,93,95,93,1,74.6,4.48,29622,2014,
Armenia,95,96,95,1,74.4,4.55,289359,2013,
Armenia,95,96,95,1,74.4,4.48,2881922,2012,
Armenia,95,96,95,1,73.9,3.71,2875581,2011,
Armenia,94,96,94,1,73.5,4.56,2877311,2010,
Armenia,93,94,93,1,73.3,4.55,2888584,2009,
Armenia,89,91,89,1,73.2,3.8,29822,2008,
Armenia,85,9,88,1,73.5,4.31,293356,2007,
Armenia,78,87,87,1,72.9,4.58,29585,2006,
Armenia,91,92,9,1,73,5.25,2981259,2005,
Armenia,91,93,91,1,73,5.5,3612,2004,
Armenia,93,96,94,1,72.7,5.56,31786,2003,
Armenia,91,96,94,1,72.6,5.4,333897,2002,
Armenia,69,97,94,1,72.6,5.94,35655,2001,
Armenia,55,96,93,1,72,6.25,369588,2000,
Azerbaijan,96,98,96,6,72.7,5.68,9649341,2015,
Azerbaijan,94,97,94,6,72.5,6.4,953579,2014,
Azerbaijan,93,96,93,6,72.2,5.54,941681,2013,
Azerbaijan,88,92,89,6,71.9,5.37,9295784,2012,
Azerbaijan,84,91,87,6,71.6,5.1,917382,2011,
Azerbaijan,8,85,81,6,71.1,5.33,954332,2010,
Azerbaijan,74,84,81,6,78,5.85,8947243,2009,
Azerbaijan,68,85,81,6,73,4.37,87634,2008,
Azerbaijan,62,81,79,7,73,5.1,85813,2007,
Azerbaijan,52,8,78,7,69.2,6.17,848455,2006,
Azerbaijan,49,79,75,7,68.4,7.86,839185,2005,
Azerbaijan,5,78,77,8,68.4,7.92,8365,2004,
Azerbaijan,51,79,77,8,67.8,6.56,82341,2003,
Azerbaijan,5,8,76,9,67.8,4.47,817195,2002,
Azerbaijan,,77,77,10,67.5,4.48,81112,2001,
Azerbaijan,,75,76,11,66.6,4.67,8486,2000,
Bahrain,98,98,98,0,76.9,3.81,664611,2015,
Bahrain,98,98,98,0,76.8,4.98,697545,2014,
Bahrain,99,99,99,0,76.7,4.69,735146,2013,
Bahrain,99,99,99,0,76.5,4.37,778708,2012,
Bahrain,99,99,99,0,76.1,3.4,829844,2011,
Bahrain,99,99,99,0,76.1,3.64,889164,2010,
Bahrain,98,97,98,0,76,3.79,958418,2009,
Bahrain,97,97,97,0,75.8,3.17,1035919,2008,
Bahrain,97,97,97,0,75.6,3.8,1114641,2007,
Bahrain,98,98,98,0,75.5,3.8,1185076,2006,
Bahrain,98,98,98,0,75.3,3.16,1240860,2005,
Bahrain,98,98,98,0,75.2,3.37,1278151,2004,
Bahrain,98,97,97,0,75,3.74,1299943,2003,
Bahrain,98,98,98,0,74.9,3.89,1315029,2002,
Bahrain,99,99,99,0,74.7,3.8,1336075,2001,
Bahrain,97,97,97,0,74.5,3.51,1371851,2000,
Bangladesh,97,97,97,113,71.8,2.85,1612886,2015,
Bangladesh,97,97,97,121,71.4,2.82,15945279,2014,
Bangladesh,96,96,96,130,71,2.88,157571292,2013,
Bangladesh,94,94,94,139,77,3.8,15572753,2012,
Bangladesh,96,96,96,150,73,3.16,153911916,2011,
Bangladesh,94,94,94,161,69.9,3.6,15214912,2010,
Bangladesh,97,97,97,173,69.5,2.91,1545478,2009,
Bangladesh,96,96,96,186,69.1,2.85,14885814,2008,
Bangladesh,95,96,94,201,68.6,2.8,147139191,2007,
Bangladesh,86,95,94,215,68.2,2.8,1453684,2006,
Bangladesh,45,94,93,231,67.8,2.68,14343111,2005,
Bangladesh,11,88,99,247,67.3,2.62,14137489,2004,
Bangladesh,5,9,87,264,66.8,2.51,139191,2003,
Bangladesh,,83,83,280,66.3,2.59,1366667,2002,
Bangladesh,,85,85,298,65.8,2.47,1341716,2001,
Bangladesh,,83,82,316,65.3,2.33,131581243,2000,
Bhutan,99,98,99,0,69.8,5.35,787386,2015,
Bhutan,99,98,99,1,69.4,3.57,776448,2014,
Bhutan,97,97,97,1,69.1,3.83,764961,2013,
Bhutan,97,97,97,1,68.7,3.7,752967,2012,
Bhutan,95,95,95,1,68.3,4.73,7451,2011,
Bhutan,91,92,91,1,67.9,5.17,727641,2010,
Bhutan,93,93,93,1,67.4,6.3,714458,2009,
Bhutan,96,96,96,1,67,6.58,795,2008,
Bhutan,95,93,95,1,66.5,5.88,686958,2007,
Bhutan,95,96,95,1,65.8,5.27,672228,2006,
Bhutan,95,95,95,1,65,5.28,656639,2005,
Bhutan,89,9,89,1,64.2,4.41,64282,2004,
Bhutan,95,96,95,1,63.3,4.9,623434,2003,
Bhutan,83,89,86,1,62.5,7.75,66399,2002,
Bhutan,89,88,88,1,61.7,5.91,5896,2001,
Bhutan,98,98,92,1,62,6.91,573416,2000,
Brunei Darussalam,99,99,99,0,77.7,2.82,333165,2015,
Brunei Darussalam,99,99,99,0,77.6,2.65,340034,2014,
Brunei Darussalam,98,99,99,0,77.1,2.61,346782,2013,
Brunei Darussalam,99,99,99,0,78.3,2.3,353293,2012,
Brunei Darussalam,93,99,97,0,77.4,2.25,359433,2011,
Brunei Darussalam,96,99,95,0,76.9,2.73,365114,2010,
Brunei Darussalam,96,99,99,0,76.8,2.85,370263,2009,
Brunei Darussalam,96,97,98,0,77.2,2.23,374965,2008,
Brunei Darussalam,97,95,99,0,76,2.32,379421,2007,
Brunei Darussalam,99,94,97,0,76.3,2.24,383906,2006,
Brunei Darussalam,99,93,94,0,76.2,2.62,388646,2005,
Brunei Darussalam,99,92,92,0,76.4,3.1,393688,2004,
Brunei Darussalam,99,99,92,0,76,3.9,398989,2003,
Brunei Darussalam,99,99,94,0,74.8,3.4,404421,2002,
Brunei Darussalam,99,99,97,0,74.7,3.6,409769,2001,
Brunei Darussalam,99,99,99,0,74.4,3.5,414907,2000,
Cambodia,89,87,89,12,68.7,5.74,15517635,2015,
Cambodia,88,87,88,12,68.3,5.68,152779,2014,
Cambodia,83,66,83,13,67.8,5.93,1522692,2013,
Cambodia,86,84,86,14,67.4,6.24,14776866,2012,
Cambodia,88,87,88,15,67,5.64,14537886,2011,
Cambodia,89,88,89,16,66.6,5.95,143874,2010,
Cambodia,92,95,94,17,66.1,6.36,14928,2009,
Cambodia,91,91,91,18,65.6,5.55,138859,2008,
Cambodia,82,82,82,20,65,3.75,13676693,2007,
Cambodia,8,8,8,21,64.1,4.48,13474489,2006,
Cambodia,,82,82,22,62.9,5.84,132721,2005,
Cambodia,,86,85,24,61.5,6.43,1363377,2004,
Cambodia,,69,69,26,63,6.74,12853124,2003,
Cambodia,,54,54,29,59.3,5.95,12634729,2002,
Cambodia,,59,6,33,58.5,5.7,1242473,2001,
Cambodia,,62,59,36,57.7,5.87,12152354,2000,
China,99,99,99,183,76.1,4.92,137122,2015,
China,99,99,99,198,75.8,5.55,136427,2014,
China,99,99,99,216,75.6,5.39,135738,2013,
China,99,99,99,233,75.4,5.26,135695,2012,
China,99,99,99,251,75.2,5.3,134413,2011,
China,99,99,99,268,75,4.89,133775,2010,
China,99,99,99,288,74.9,5.8,133126,2009,
China,95,99,97,308,74.5,4.59,1324655,2008,
China,92,94,93,332,74.4,4.32,1317885,2007,
China,91,94,93,360,74.2,4.52,13112,2006,
China,84,87,87,392,73.9,4.66,13372,2005,
China,79,87,87,427,73.5,4.72,129675,2004,
China,75,87,86,467,73.1,4.82,12884,2003,
China,7,86,86,511,72.7,4.79,1284,2002,
China,65,86,86,558,72.2,4.56,127185,2001,
China,6,86,85,608,71.7,4.6,1262645,2000,
Cyprus,97,97,97,0,85,6.76,116985,2015,
Cyprus,96,99,99,0,83,7.37,115239,2014,
Cyprus,96,99,99,0,81,7.46,1143896,2013,
Cyprus,96,99,99,0,80,7.44,113562,2012,
Cyprus,96,99,99,0,79.7,7.54,1124835,2011,
Cyprus,96,99,99,0,79.5,7.23,111267,2010,
Cyprus,96,99,99,0,79.3,7.4,19876,2009,
Cyprus,93,97,97,0,79.1,6.89,181563,2008,
Cyprus,93,97,97,0,78.9,6.5,163712,2007,
Cyprus,93,97,97,0,78.8,6.28,14559,2006,
Cyprus,88,98,98,0,78.7,6.37,127658,2005,
Cyprus,88,98,98,0,78.6,6.42,1141,2004,
Cyprus,88,98,98,0,78.5,6.83,993563,2003,
Cyprus,88,98,98,0,78.4,6.12,976966,2002,
Cyprus,89,97,97,0,78.2,5.78,96282,2001,
Cyprus,89,97,97,0,78.1,5.77,943286,2000,
Democratic People's Republic of Korea,96,99,96,7,76,,,2015,
Democratic People's Republic of Korea,93,99,93,8,73,,,2014,
Democratic People's Republic of Korea,93,99,93,8,71,,,2013,
Democratic People's Republic of Korea,96,99,96,9,69.8,,,2012,
Democratic People's Republic of Korea,94,99,94,10,69.4,,,2011,
Democratic People's Republic of Korea,93,99,93,10,69,,,2010,
Democratic People's Republic of Korea,93,98,93,11,68.7,,,2009,
Democratic People's Republic of Korea,92,98,92,12,68.6,,,2008,
Democratic People's Republic of Korea,92,99,92,12,68.5,,,2007,
Democratic People's Republic of Korea,96,98,89,12,68.5,,,2006,
Democratic People's Republic of Korea,92,97,79,13,68.5,,,2005,
Democratic People's Republic of Korea,98,99,72,14,68.4,,,2004,
Democratic People's Republic of Korea,27,99,68,15,68.1,,,2003,
Democratic People's Republic of Korea,89,99,64,18,67.6,,,2002,
Democratic People's Republic of Korea,89,98,62,21,66.6,,,2001,
Democratic People's Republic of Korea,89,93,56,25,65.4,,,2000,
Georgia,94,91,94,1,74.4,7.33,37171,2015,
Georgia,91,91,91,1,74.5,7.42,3727,2014,
Georgia,96,94,93,1,74.5,7.25,3776,2013,
Georgia,92,93,92,1,74.2,8.57,3825,2012,
Georgia,89,88,94,1,73.9,9.38,3875,2011,
Georgia,95,88,92,1,73.8,1.5,3926,2010,
Georgia,54,93,88,1,73.2,1.19,3978,2009,
Georgia,89,9,92,1,73.9,8.99,43,2008,
Georgia,94,88,98,1,74.4,8.17,482,2007,
Georgia,84,89,88,1,73.9,8.39,4136,2006,
Georgia,79,82,82,1,73.9,8.6,419,2005,
Georgia,64,66,78,1,72.3,8.53,4245,2004,
Georgia,48,74,75,2,72.7,8.49,431,2003,
Georgia,51,89,84,2,71.7,8.72,4357,2002,
Georgia,61,83,87,2,73,7.82,43864,2001,
Georgia,55,81,8,2,71.8,6.94,44183,2000,
India,87,86,87,1100,68.3,4.36,1395398,2015,
India,79,84,85,1200,68,4.69,1293859294,2014,
India,7,82,83,1300,67.6,4.53,127856227,2013,
India,73,79,82,1400,67.3,4.39,126365852,2012,
India,44,79,82,1500,66.8,4.33,124723629,2011,
India,38,76,79,1600,66.4,4.28,12398691,2010,
India,37,73,74,1700,66,4.38,121427132,2009,
India,29,69,7,1800,65.5,4.34,119714696,2008,
India,6,67,64,1900,65.2,4.23,1179681239,2007,
India,6,66,65,2000,64.8,4.25,1161977719,2006,
India,8,65,65,2000,64.4,4.28,1144118674,2005,
India,6,58,63,2100,64,4.22,1126135777,2004,
India,,57,61,2200,63.7,4.3,11827848,2003,
India,,58,59,2300,63.3,4.4,18987112,2002,
India,,58,59,2400,62.9,4.5,171477855,2001,
India,,57,58,2500,62.5,4.26,1535912,2000,
Indonesia,78,8,78,136,69.1,2.66,258162113,2015,
Indonesia,78,8,78,142,68.9,2.85,255131116,2014,
Indonesia,85,86,85,148,68.7,2.93,25232263,2013,
Indonesia,83,84,83,154,68.5,2.9,248883232,2012,
Indonesia,81,81,81,161,68.3,2.71,24577511,2011,
Indonesia,83,82,81,167,68.1,2.74,242524123,2010,
Indonesia,82,85,78,174,67.9,2.83,23934478,2009,
Indonesia,82,83,77,181,67.7,2.81,236159276,2008,
Indonesia,76,77,73,188,67.5,3.1,232989141,2007,
Indonesia,66,78,72,194,67.3,2.91,22983822,2006,
Indonesia,65,79,72,201,67.2,2.79,22671273,2005,
Indonesia,64,79,71,237,65.3,2.37,223614649,2004,
Indonesia,64,8,71,215,66.9,2.53,22545214,2003,
Indonesia,63,8,7,222,66.7,2.27,2175859,2002,
Indonesia,62,77,76,229,66.5,2.23,2145652,2001,
Indonesia,65,72,75,237,66.3,1.98,21154429,2000,
Iran (Islamic Republic of),98,98,98,21,75.5,6.29,,2015,
Iran (Islamic Republic of),99,99,99,22,75.4,6.89,,2014,
Iran (Islamic Republic of),99,98,98,23,75.3,6.49,,2013,
Iran (Islamic Republic of),98,99,99,24,75.1,6.98,,2012,
Iran (Islamic Republic of),99,99,99,25,74.7,7.12,,2011,
Iran (Islamic Republic of),99,99,99,26,74.1,8.2,,2010,
Iran (Islamic Republic of),99,99,99,27,73.3,7.63,,2009,
Iran (Islamic Republic of),99,99,99,28,72.7,6.28,,2008,
Iran (Islamic Republic of),97,98,99,29,72.4,5.84,,2007,
Iran (Islamic Republic of),98,99,98,30,72.2,5.95,,2006,
Iran (Islamic Republic of),94,95,95,32,72,6.6,,2005,
Iran (Islamic Republic of),95,98,99,33,71.8,5.89,,2004,
Iran (Islamic Republic of),98,99,99,35,75,5.42,,2003,
Iran (Islamic Republic of),99,99,99,37,71.2,5.39,,2002,
Iran (Islamic Republic of),94,95,96,40,78,5.2,,2001,
Iran (Islamic Republic of),99,99,99,43,73,4.47,,2000,
Iraq,56,63,58,38,68.9,4.44,36115649,2015,
Iraq,62,67,64,39,67.9,5.54,3568,2014,
Iraq,66,7,68,39,69.5,5.92,33883145,2013,
Iraq,61,7,69,39,76,5.26,32776571,2012,
Iraq,77,8,79,39,77,3.32,3172753,2011,
Iraq,72,74,74,39,76,3.82,376271,2010,
Iraq,75,78,78,39,74,4.65,29894652,2009,
Iraq,66,71,69,38,69.3,3.93,29111417,2008,
Iraq,56,74,57,38,65.9,3.69,2839433,2007,
Iraq,59,63,59,38,64.7,3,27697912,2006,
Iraq,65,69,65,37,66.8,4.13,278426,2005,
Iraq,62,69,74,37,67.2,5.61,2631669,2004,
Iraq,63,73,75,37,66.5,4.36,25627626,2003,
Iraq,65,76,77,37,74,4.44,24939299,2002,
Iraq,66,8,78,37,72,4.44,24251649,2001,
Iraq,67,83,8,37,70,4.44,23565413,2000,
Palestin,96,95,95,1,82.5,7.48,8381,2015,
Palestin,97,95,95,1,82.2,7.81,82157,2014,
Palestin,97,96,96,1,82.1,7.89,8595,2013,
Palestin,97,94,94,1,81.8,7.73,7915,2012,
Palestin,98,94,94,1,81.8,7.39,77658,2011,
Palestin,97,95,95,1,81.7,7.36,76236,2010,
Palestin,98,96,96,1,81.5,7.46,74856,2009,
Palestin,99,94,94,1,81,7.33,7388,2008,
Palestin,99,95,95,1,84,7.37,7181,2007,
Palestin,96,94,95,1,84,7.38,7537,2006,
Palestin,96,95,93,1,80,7.44,6931,2005,
Palestin,99,95,95,1,81,7.35,689,2004,
Palestin,98,93,93,1,79.7,7.44,66897,2003,
Palestin,98,91,9,1,79.3,7.49,657,2002,
Palestin,96,93,92,1,79.3,7.61,6439,2001,
Palestin,98,93,93,1,78.9,7.13,6289,2000,
Japan,,99,96,3,83.7,,127141,2015,
Japan,,99,96,3,83.5,1.23,127276,2014,
Japan,,99,96,3,83.5,1.25,127445,2013,
Japan,,99,97,3,83.3,1.17,127629,2012,
Japan,,96,97,4,82.5,1.7,127833,2011,
Japan,,98,97,4,83,9.58,1287,2010,
Japan,,99,97,4,83,9.51,12847,2009,
Japan,,98,98,4,82.7,8.6,12863,2008,
Japan,,97,98,4,82.6,8.25,1281,2007,
Japan,,95,98,4,82.4,8.19,127854,2006,
Japan,,95,98,4,82,8.18,127773,2005,
Japan,,97,99,4,82.1,8.3,127761,2004,
Japan,,97,97,5,81.9,8,127718,2003,
Japan,,89,96,5,81.8,7.85,127445,2002,
Japan,,81,95,5,81.5,7.75,127149,2001,
Japan,,98,85,5,81.1,7.53,126843,2000,
Jordan,99,99,99,4,74.1,,915932,2015,
Jordan,98,98,98,4,74,7.45,88936,2014,
Jordan,98,98,98,4,73.9,7.23,8413464,2013,
Jordan,98,98,98,4,73.7,8,7992573,2012,
Jordan,98,98,98,4,73.6,8.39,7574943,2011,
Jordan,98,98,98,4,73.4,8.42,718239,2010,
Jordan,98,98,98,4,73.3,9.54,6821116,2009,
Jordan,97,98,97,4,73.1,8.78,6489822,2008,
Jordan,98,98,98,4,73,8.35,6193191,2007,
Jordan,98,98,98,4,72.8,8.8,5934232,2006,
Jordan,95,95,95,4,72.4,8.88,5714111,2005,
Jordan,95,95,95,4,72.5,9.5,5535595,2004,
Jordan,97,97,97,4,72.3,9.15,5396774,2003,
Jordan,95,95,95,4,72.1,9.68,5287488,2002,
Jordan,97,97,99,4,71.9,9.9,5193482,2001,
Jordan,93,94,91,4,71.7,9.65,51313,2000,
Kazakhstan,98,98,98,5,72,,17544126,2015,
Kazakhstan,95,95,95,5,69.9,4.36,17289224,2014,
Kazakhstan,99,98,98,6,69.5,4.3,1735275,2013,
Kazakhstan,95,98,99,7,69.1,4.32,16791425,2012,
Kazakhstan,99,99,99,7,68.5,4.6,165566,2011,
Kazakhstan,99,98,99,8,67.8,4.42,16321581,2010,
Kazakhstan,99,99,98,8,67.8,4.13,169271,2009,
Kazakhstan,99,99,99,9,66.6,3.65,15674,2008,
Kazakhstan,94,94,93,9,65.3,3.19,15484192,2007,
Kazakhstan,99,99,99,9,65,3.73,153884,2006,
Kazakhstan,94,99,98,9,64.6,4.7,1514729,2005,
Kazakhstan,99,99,82,9,64.7,3.95,1512985,2004,
Kazakhstan,99,99,99,9,64.4,3.7,149918,2003,
Kazakhstan,95,95,95,9,64.7,3.61,14858948,2002,
Kazakhstan,95,95,95,10,64.4,3.47,14858335,2001,
Kazakhstan,99,96,97,10,63.9,4.16,14883626,2000,
Kuwait,99,99,99,1,74.7,,,2015,
Kuwait,96,94,95,1,74.6,3.4,,2014,
Kuwait,99,99,99,1,74.5,2.56,,2013,
Kuwait,98,98,98,1,74.3,2.57,,2012,
Kuwait,99,99,99,1,74.2,2.62,,2011,
Kuwait,99,98,98,1,74,2.76,,2010,
Kuwait,99,99,99,1,73.9,3.87,,2009,
Kuwait,99,99,99,1,73.8,1.93,,2008,
Kuwait,99,99,99,1,73.7,2.13,,2007,
Kuwait,99,99,99,1,73.6,2.25,,2006,
Kuwait,99,99,99,1,73.6,2.38,,2005,
Kuwait,94,98,98,1,73.5,2.76,,2004,
Kuwait,99,99,99,1,73.4,3.23,,2003,
Kuwait,99,99,99,1,73.3,3.56,,2002,
Kuwait,99,99,99,1,73.2,3.61,,2001,
Kuwait,95,94,98,1,73.2,2.51,,2000,
Kyrgyzstan,97,97,97,3,71.1,,,2015,
Kyrgyzstan,96,95,96,4,78,6.48,,2014,
Kyrgyzstan,97,97,97,4,77,6.68,,2013,
Kyrgyzstan,96,94,96,4,69.9,6.97,,2012,
Kyrgyzstan,96,94,96,4,69.4,6.18,,2011,
Kyrgyzstan,96,88,96,4,68.8,6.66,,2010,
Kyrgyzstan,96,96,95,4,68.5,6.79,,2009,
Kyrgyzstan,97,95,95,4,67.6,6.7,,2008,
Kyrgyzstan,94,94,94,4,67.2,6.87,,2007,
Kyrgyzstan,9,93,92,4,66.7,6.73,,2006,
Kyrgyzstan,97,98,98,4,66.9,5.82,,2005,
Kyrgyzstan,99,98,99,4,67.1,5.57,,2004,
Kyrgyzstan,99,98,98,4,66.6,5.43,,2003,
Kyrgyzstan,99,99,98,5,66.7,5.43,,2002,
Kyrgyzstan,57,99,99,5,67.2,4.79,,2001,
Kyrgyzstan,44,99,99,5,66.6,4.68,,2000,
Lebanon,81,75,81,1,74.9,,5851479,2015,
Lebanon,81,75,81,1,74.8,6.39,563279,2014,
Lebanon,81,75,81,1,74.9,6.63,527612,2013,
Lebanon,81,75,81,1,75,6.99,491644,2012,
Lebanon,81,75,81,1,75,7.12,4588368,2011,
Lebanon,81,75,81,1,74.9,7.19,4337141,2010,
Lebanon,81,75,81,1,74.7,7.42,4183156,2009,
Lebanon,81,75,81,1,74.5,8.7,411147,2008,
Lebanon,8,75,8,1,74.4,8.9,486466,2007,
Lebanon,78,75,78,1,74.1,8.83,45735,2006,
Lebanon,77,74,77,1,73.9,8.42,3986852,2005,
Lebanon,75,74,75,1,73.7,8.91,3863267,2004,
Lebanon,74,74,74,1,73.5,9.3,371464,2003,
Lebanon,77,77,77,1,73.2,1.5,3522837,2002,
Lebanon,8,8,8,1,73,1.9,3359859,2001,
Lebanon,83,83,83,1,72.7,1.86,3235366,2000,
Malaysia,99,99,99,4,75,,3723155,2015,
Malaysia,96,97,97,4,74.8,4.17,322817,2014,
Malaysia,96,97,97,4,74.6,4.2,2976724,2013,
Malaysia,97,97,97,4,74.5,4.1,2917456,2012,
Malaysia,96,96,96,4,74.3,3.89,28635128,2011,
Malaysia,96,96,96,4,74.1,3.99,28112289,2010,
Malaysia,96,97,97,4,74,3.97,2765383,2009,
Malaysia,97,97,97,4,73.8,3.47,2711169,2008,
Malaysia,96,97,97,4,73.7,3.61,26625845,2007,
Malaysia,95,95,95,4,73.6,3.65,26143566,2006,
Malaysia,96,96,96,4,73.4,3.29,25659393,2005,
Malaysia,94,95,95,4,73.2,3.74,2517419,2004,
Malaysia,95,96,96,4,73.1,3.95,2468873,2003,
Malaysia,95,94,94,4,72.9,3.4,24198811,2002,
Malaysia,95,95,96,5,72.7,3.4,2369897,2001,
Malaysia,97,98,98,5,72.4,3.4,2318568,2000,
Maldives,99,99,99,0,78.5,,49163,2015,
Maldives,99,99,99,0,78.2,13.73,41,2014,
Maldives,99,99,99,0,77.9,11.16,393,2013,
Maldives,99,99,99,0,77.6,9.16,385,2012,
Maldives,96,96,96,0,77.3,8.11,377,2011,
Maldives,97,97,96,0,76.7,7.93,367,2010,
Maldives,98,98,98,0,76.3,9.22,36,2009,
Maldives,98,98,98,0,75.9,9.3,362,2008,
Maldives,98,98,98,0,75.4,6.64,349,2007,
Maldives,98,98,98,0,75,7.37,333,2006,
Maldives,98,98,98,0,74.3,9.52,321,2005,
Maldives,97,96,96,0,73.4,5.89,312,2004,
Maldives,98,98,98,0,72.7,5.9,34,2003,
Maldives,98,98,98,0,71.8,5.78,297,2002,
Maldives,98,97,98,0,78,5.84,292,2001,
Maldives,96,98,98,0,69.6,8,286,2000,
Mongolia,99,99,99,1,68.8,,2976877,2015,
Mongolia,99,99,99,1,68.4,4.73,2923896,2014,
Mongolia,98,98,98,1,68.1,4.21,286917,2013,
Mongolia,99,99,99,2,67.8,4.22,2814226,2012,
Mongolia,99,99,99,2,67.3,4.45,2761516,2011,
Mongolia,96,96,96,2,66.3,4.7,271265,2010,
Mongolia,97,96,95,2,66.9,5.29,2668289,2009,
Mongolia,96,95,96,2,67.4,5.58,2628131,2008,
Mongolia,98,99,95,2,65.9,5.6,259167,2007,
Mongolia,98,98,99,2,65,4.68,255812,2006,
Mongolia,98,99,99,2,64.5,5.9,2526446,2005,
Mongolia,98,99,99,2,64,5.99,2496832,2004,
Mongolia,98,98,98,2,64,6.18,2469286,2003,
Mongolia,98,98,98,2,63.8,5.81,2443659,2002,
Mongolia,95,95,95,3,63.2,5.45,2419776,2001,
Mongolia,93,94,94,3,62.8,4.92,2397436,2000,
Myanmar,89,89,89,50,66.6,,5243669,2015,
Myanmar,88,88,88,52,66.4,2.28,51924182,2014,
Myanmar,75,76,75,55,66.2,2.16,51448196,2013,
Myanmar,58,87,84,58,65.9,2.22,5986514,2012,
Myanmar,4,9,84,61,65.6,1.87,555331,2011,
Myanmar,92,9,9,65,65.4,1.92,5155896,2010,
Myanmar,91,9,9,69,65.2,2.5,49869,2009,
Myanmar,85,85,85,96,59.2,1.87,49479752,2008,
Myanmar,85,84,86,78,64.5,1.68,49171586,2007,
Myanmar,75,82,82,83,64.2,1.78,48846474,2006,
Myanmar,62,86,73,87,63.9,1.83,48482614,2005,
Myanmar,39,92,82,90,63.5,1.97,487377,2004,
Myanmar,8,86,78,93,63.2,1.97,47624894,2003,
Myanmar,,84,79,96,62.8,2.5,471422,2002,
Myanmar,,77,73,98,62.5,1.8,46627994,2001,
Myanmar,,88,82,100,62.1,1.84,4695462,2000,
Nepal,91,9,91,21,69.2,,28656282,2015,
Nepal,92,92,92,22,69.6,5.8,28323241,2014,
Nepal,92,92,92,24,69.3,5.69,2798531,2013,
Nepal,9,9,9,25,68.9,5.89,27649925,2012,
Nepal,92,92,92,27,68.4,6.73,27327147,2011,
Nepal,82,83,82,30,68,6.43,2723137,2010,
Nepal,89,93,89,32,67.5,6.41,2674113,2009,
Nepal,82,82,82,35,67,6.44,26475859,2008,
Nepal,82,82,82,38,66.6,5.84,26214847,2007,
Nepal,69,91,89,41,66,5.7,2594618,2006,
Nepal,41,78,75,44,65.4,5.72,2564287,2005,
Nepal,27,8,8,47,64.7,5.82,2539449,2004,
Nepal,2,76,78,50,64.3,5.48,2495623,2003,
Nepal,,72,72,54,63.1,5.6,24566342,2002,
Nepal,,73,72,58,63.2,5.36,24161777,2001,
Nepal,,74,74,62,62.5,5.43,2374911,2000,
Oman,99,99,99,1,76.6,,2267973,2015,
Oman,99,99,99,1,76.4,3.55,2294962,2014,
Oman,98,99,98,1,76.2,2.76,2334858,2013,
Oman,98,99,98,1,76,2.52,2386166,2012,
Oman,99,99,99,1,75.8,2.49,2445517,2011,
Oman,99,99,99,1,75.6,2.74,2511251,2010,
Oman,98,96,98,1,75.4,2.83,2580758,2009,
Oman,99,97,99,1,75.2,2.1,2657158,2008,
Oman,99,97,99,1,74.9,2.43,2750963,2007,
Oman,99,98,98,1,74.7,2.31,2876186,2006,
Oman,99,99,99,1,74.3,2.59,3041434,2005,
Oman,99,99,99,1,74,2.98,3251108,2004,
Oman,99,99,99,1,73.6,3.17,3498029,2003,
Oman,99,99,99,1,73.3,3.18,3764805,2002,
Oman,99,99,99,1,72.9,3.8,4027260,2001,
Oman,99,99,99,1,72.6,3.7,4267348,2000,
Pakistan,72,72,72,433,66.4,,18938513,2015,
Pakistan,72,72,72,442,66.2,2.61,185546257,2014,
Pakistan,72,72,72,450,66,2.7,181712595,2013,
Pakistan,72,72,72,456,65.7,2.76,177911533,2012,
Pakistan,74,75,74,459,65.5,3.1,174184265,2011,
Pakistan,82,82,82,461,65.1,3.2,1756182,2010,
Pakistan,78,7,71,460,64.8,2.94,1674958,2009,
Pakistan,65,7,62,460,64.6,3.26,16364463,2008,
Pakistan,75,75,75,459,64.4,3.35,16332974,2007,
Pakistan,78,77,78,458,64.2,3.4,15793993,2006,
Pakistan,7,78,77,459,62.9,2.91,15399667,2005,
Pakistan,65,65,65,461,63.7,2.56,15783,2004,
Pakistan,63,69,67,466,63.5,2.61,1477341,2003,
Pakistan,,71,68,474,63.2,2.76,144654143,2002,
Pakistan,,68,65,483,63,2.61,14161437,2001,
Pakistan,,65,62,495,62.8,2.79,138523285,2000,
Philippines,6,79,6,66,68.5,,11716359,2015,
Philippines,67,77,67,68,68.4,4.71,112249,2014,
Philippines,89,84,89,69,68.1,4.56,9848132,2013,
Philippines,88,88,88,71,68.1,4.46,96866642,2012,
Philippines,87,87,87,72,68,4.29,9527794,2011,
Philippines,77,78,79,74,67.9,4.37,93726624,2010,
Philippines,85,86,87,76,68,4.41,9222879,2009,
Philippines,88,91,91,78,67.5,4.5,9751864,2008,
Philippines,87,87,87,80,67.5,3.94,8929349,2007,
Philippines,77,88,88,82,67.3,3.95,8789419,2006,
Philippines,49,9,89,84,67,3.91,86274237,2005,
Philippines,48,85,88,86,67.3,3.23,84678493,2004,
Philippines,52,85,84,87,67.2,3.25,8331954,2003,
Philippines,42,77,79,89,66.8,2.79,813526,2002,
Philippines,45,76,79,89,66.8,3,79665315,2001,
Philippines,7,74,78,90,66.8,3.21,77991569,2000,
Qatar,99,99,99,0,78.2,,592468,2015,
Qatar,89,99,89,0,78.1,2.19,615012,2014,
Qatar,97,99,97,0,77.9,2.15,640868,2013,
Qatar,93,93,92,0,77.8,2.16,681788,2012,
Qatar,93,92,93,0,77.5,1.93,753334,2011,
Qatar,97,98,97,0,77.3,2.9,865416,2010,
Qatar,99,98,99,0,77,2.63,1022711,2009,
Qatar,97,98,97,0,76.8,1.87,1218434,2008,
Qatar,94,97,94,0,76.7,2.31,1436665,2007,
Qatar,96,95,96,0,76.6,2.58,1654950,2006,
Qatar,97,98,97,0,76.6,3.1,1856327,2005,
Qatar,97,95,96,0,76.6,3.61,2035871,2004,
Qatar,93,93,92,0,76.5,4.14,2196074,2003,
Qatar,98,96,96,0,76.4,2.71,2336574,2002,
Qatar,93,93,93,0,76.3,2.56,2459198,2001,
Qatar,89,91,8,0,76.2,2.18,2565710,2000,
Republic of Korea,98,98,98,2,82.3,,,2015,
Republic of Korea,99,99,99,2,82,7.37,,2014,
Republic of Korea,99,99,99,2,81.7,7.2,,2013,
Republic of Korea,99,99,99,2,81.2,7.1,,2012,
Republic of Korea,99,98,99,2,81.1,6.83,,2011,
Republic of Korea,94,95,94,2,87,6.79,,2010,
Republic of Korea,94,95,94,2,86,6.66,,2009,
Republic of Korea,94,92,94,2,83,6.16,,2008,
Republic of Korea,91,91,91,2,79.8,5.99,,2007,
Republic of Korea,99,98,98,2,79.4,5.76,,2006,
Republic of Korea,99,96,96,3,78.7,5.33,,2005,
Republic of Korea,92,9,88,3,78.2,4.96,,2004,
Republic of Korea,91,94,97,3,77.6,4.93,,2003,
Republic of Korea,92,99,97,4,77.1,4.61,,2002,
Republic of Korea,89,99,97,4,76.7,4.76,,2001,
Republic of Korea,93,99,97,4,76,4.23,,2000,
Saudi Arabia,98,97,98,8,74.5,,,2015,
Saudi Arabia,98,98,98,9,74.4,4.68,,2014,
Saudi Arabia,98,98,98,9,74.3,4.25,,2013,
Saudi Arabia,98,98,98,9,74.1,3.86,,2012,
Saudi Arabia,98,98,98,9,73.9,3.57,,2011,
Saudi Arabia,98,98,98,9,73.7,3.49,,2010,
Saudi Arabia,98,98,98,10,73.4,4.9,,2009,
Saudi Arabia,98,98,98,10,73.3,2.87,,2008,
Saudi Arabia,96,96,96,10,73.2,3.49,,2007,
Saudi Arabia,96,96,96,10,73.2,3.55,,2006,
Saudi Arabia,97,96,96,10,73.1,3.42,,2005,
Saudi Arabia,96,96,96,11,73.1,3.58,,2004,
Saudi Arabia,95,95,95,11,73,4.2,,2003,
Saudi Arabia,97,95,95,11,72.9,4.28,,2002,
Saudi Arabia,95,97,97,12,72.8,4.49,,2001,
Saudi Arabia,93,95,95,12,72.6,4.24,,2000,
Singapore,96,96,96,0,83.1,,,2015,
Singapore,96,96,96,0,82.9,4.92,,2014,
Singapore,97,97,97,0,82.7,4.53,,2013,
Singapore,97,97,97,0,82.5,4.22,,2012,
Singapore,96,96,96,0,82.2,3.93,,2011,
Singapore,96,96,96,0,82,3.96,,2010,
Singapore,96,97,97,0,81.7,4.27,,2009,
Singapore,97,97,97,0,81.4,3.91,,2008,
Singapore,96,97,97,0,81.1,3.46,,2007,
Singapore,95,95,95,0,87,3.66,,2006,
Singapore,96,96,96,0,82,3.74,,2005,
Singapore,94,95,95,0,79.7,3.17,,2004,
Singapore,95,96,96,0,79.3,3.63,,2003,
Singapore,95,94,94,0,79,2.84,,2002,
Singapore,95,95,96,0,78.7,2.37,,2001,
Singapore,97,98,98,0,78.3,2.71,,2000,
Syrian Arab Republic,41,5,41,8,64.5,,18734987,2015,
Syrian Arab Republic,47,52,43,8,64.4,3.25,19239,2014,
Syrian Arab Republic,71,5,41,9,63.6,3.25,1989141,2013,
Syrian Arab Republic,43,47,45,9,62.8,3.25,24271,2012,
Syrian Arab Republic,66,6,72,8,71.7,3.23,2863993,2011,
Syrian Arab Republic,84,83,8,9,73.7,3.28,2118834,2010,
Syrian Arab Republic,84,83,8,9,73.8,3.55,2824893,2009,
Syrian Arab Republic,83,83,79,9,73.8,3.4,2325443,2008,
Syrian Arab Republic,83,83,8,9,73.8,3.72,1963286,2007,
Syrian Arab Republic,83,83,8,10,73.7,3.78,18914977,2006,
Syrian Arab Republic,83,83,8,10,73.5,4.11,18294611,2005,
Syrian Arab Republic,82,84,81,10,73.2,4.48,1786638,2004,
Syrian Arab Republic,81,85,83,11,73,5.12,17415266,2003,
Syrian Arab Republic,8,86,84,11,72.8,4.94,178791,2002,
Syrian Arab Republic,8,83,82,11,72.7,4.92,16766899,2001,
Syrian Arab Republic,79,86,84,12,72.6,4.92,1641848,2000,
Tajikistan,96,96,96,11,69.7,,8548651,2015,
Tajikistan,97,94,97,11,69.6,6.88,8362745,2014,
Tajikistan,96,97,96,11,69.3,6.75,817789,2013,
Tajikistan,94,96,94,12,68.8,6.39,799562,2012,
Tajikistan,96,97,96,12,68.1,5.98,7815949,2011,
Tajikistan,93,95,93,12,67.3,6.4,764163,2010,
Tajikistan,93,93,93,12,66.7,5.93,7472819,2009,
Tajikistan,86,87,86,12,66.4,5.58,739728,2008,
Tajikistan,84,85,86,12,66.1,5.35,7152385,2007,
Tajikistan,88,76,83,12,65.9,5.7,7557,2006,
Tajikistan,81,79,84,12,65.5,5.89,6854176,2005,
Tajikistan,81,82,86,13,65.9,5.7,6712841,2004,
Tajikistan,58,82,85,14,65.2,4.46,6576877,2003,
Tajikistan,39,84,85,15,64.3,4.48,6447688,2002,
Tajikistan,,84,85,16,64,4.59,6327125,2001,
Tajikistan,,86,83,17,63.7,4.64,621625,2000,
Thailand,99,99,99,9,74.9,,686576,2015,
Thailand,99,99,99,10,74.6,4.12,68416772,2014,
Thailand,99,99,99,10,74.5,4,6814365,2013,
Thailand,98,99,99,11,74.3,4.17,67843979,2012,
Thailand,98,99,99,11,74.1,4.12,675313,2011,
Thailand,98,99,99,12,73.9,3.81,672888,2010,
Thailand,98,99,99,12,73.7,4.11,66881867,2009,
Thailand,98,99,99,13,73.5,3.92,6654576,2008,
Thailand,96,98,98,14,73.3,3.56,66195615,2007,
Thailand,96,98,98,15,73,3.49,65824164,2006,
Thailand,96,98,98,15,72.5,3.55,6542547,2005,
Thailand,96,98,98,16,71.6,3.51,652231,2004,
Thailand,96,98,98,18,71.7,3.58,64554952,2003,
Thailand,95,97,96,19,71.4,3.7,6473164,2002,
Thailand,95,97,96,20,71.2,3.32,63543322,2001,
Thailand,95,97,97,21,71.1,3.4,6295821,2000,
Timor-Leste,76,75,76,2,68.3,,124977,2015,
Timor-Leste,77,76,77,2,68,1.48,1212814,2014,
Timor-Leste,82,82,82,2,67.7,1.29,1184366,2013,
Timor-Leste,83,83,83,2,67.4,1.1,115676,2012,
Timor-Leste,67,66,67,3,67.2,0.76,1131523,2011,
Timor-Leste,72,72,72,3,66.9,0.92,119591,2010,
Timor-Leste,72,78,72,3,66.6,1.2,19221,2009,
Timor-Leste,79,79,79,3,66.2,0.74,17811,2008,
Timor-Leste,,7,7,3,65.8,0.37,164973,2007,
Timor-Leste,,62,63,3,64.9,0.65,148621,2006,
Timor-Leste,,55,55,3,63.7,1.5,126484,2005,
Timor-Leste,,57,57,3,62.3,1.31,996698,2004,
Timor-Leste,,55,55,4,61,2.48,96852,2003,
Timor-Leste,,38,54,4,62,3.89,923825,2002,
Timor-Leste,,,,4,59.4,3.75,892531,2001,
Timor-Leste,,,,4,58.7,3.26,87167,2000,
Turkey,97,97,97,18,75.8,,78271472,2015,
Turkey,96,96,96,19,75.5,5.41,773628,2014,
Turkey,97,98,98,20,75.2,5.38,75787333,2013,
Turkey,97,97,97,22,74.8,5.24,74569867,2012,
Turkey,96,97,97,23,74.5,5.29,7349455,2011,
Turkey,96,97,97,25,74.2,5.61,72326914,2010,
Turkey,94,96,96,27,73.9,6.8,71339185,2009,
Turkey,92,96,96,29,73.5,6.7,74432,2008,
Turkey,96,96,96,31,73.2,6.4,69597281,2007,
Turkey,82,9,9,34,72.8,5.81,6876345,2006,
Turkey,85,9,9,36,72.4,5.45,679346,2005,
Turkey,77,85,85,39,72,5.37,677855,2004,
Turkey,68,69,68,43,71.6,5.34,668583,2003,
Turkey,72,78,78,46,71.2,5.36,6514354,2002,
Turkey,77,88,88,50,78,5.16,64191474,2001,
Turkey,71,85,85,54,74,4.95,6324121,2000,
Turkmenistan,99,99,99,7,66.3,,5565284,2015,
Turkmenistan,97,98,98,8,66,2.7,5466241,2014,
Turkmenistan,98,98,98,8,65.4,2.12,5366277,2013,
Turkmenistan,98,98,97,8,65.6,1.96,5267839,2012,
Turkmenistan,97,97,97,8,65.6,1.98,517461,2011,
Turkmenistan,96,96,96,8,65.8,1.99,58721,2010,
Turkmenistan,97,97,96,8,65.6,1.88,5795,2009,
Turkmenistan,96,96,96,8,64.5,1.93,4935762,2008,
Turkmenistan,98,98,98,8,64.1,2.16,487137,2007,
Turkmenistan,98,98,98,8,63.7,2.9,48115,2006,
Turkmenistan,99,99,99,8,63.3,3.51,4754641,2005,
Turkmenistan,96,98,97,8,63.5,4.3,473398,2004,
Turkmenistan,97,66,83,8,63.4,3.85,4655741,2003,
Turkmenistan,96,99,98,8,63.3,3.34,4612,2002,
Turkmenistan,,94,95,9,64,3.87,45648,2001,
Turkmenistan,,98,97,9,63.8,3.94,4516131,2000,
United Arab Emirates,99,99,99,1,77.1,,3134062,2015,
United Arab Emirates,99,99,99,1,76.9,3.64,3302719,2014,
United Arab Emirates,98,98,98,1,76.7,3.49,3478777,2013,
United Arab Emirates,96,96,96,1,76.5,3.45,3711932,2012,
United Arab Emirates,95,95,95,1,76.3,3.7,4068570,2011,
United Arab Emirates,94,94,94,1,76.2,3.93,4588225,2010,
United Arab Emirates,93,94,93,1,76,4.5,5300174,2009,
United Arab Emirates,92,94,92,1,75.8,2.93,6168838,2008,
United Arab Emirates,92,94,92,1,75.6,2.57,7089487,2007,
United Arab Emirates,92,94,92,1,75.4,2.33,7917372,2006,
United Arab Emirates,92,94,94,1,75.3,2.32,8549988,2005,
United Arab Emirates,92,94,94,1,75.1,2.46,8946777,2004,
United Arab Emirates,92,94,94,1,74.9,2.65,9141596,2003,
United Arab Emirates,92,94,94,1,74.7,2.72,9197910,2002,
United Arab Emirates,92,94,94,1,74.5,2.48,9214175,2001,
United Arab Emirates,92,94,94,1,74.2,2.38,9262900,2000,
Uzbekistan,99,99,99,17,69.4,,312989,2015,
Uzbekistan,99,99,99,18,69.2,5.84,37577,2014,
Uzbekistan,99,99,99,19,69.1,6.32,32432,2013,
Uzbekistan,99,99,99,21,68.8,6.49,297745,2012,
Uzbekistan,99,99,99,22,68.5,5.65,293394,2011,
Uzbekistan,99,99,99,23,68.3,5.34,285624,2010,
Uzbekistan,98,99,98,24,68,6.31,277674,2009,
Uzbekistan,91,98,98,25,67.9,5.92,27328,2008,
Uzbekistan,99,98,96,26,67.8,5.81,26868,2007,
Uzbekistan,98,94,96,27,67.6,5.49,2648825,2006,
Uzbekistan,99,99,99,28,67.3,5.11,26167,2005,
Uzbekistan,99,99,99,29,67.8,5.11,2586435,2004,
Uzbekistan,99,99,98,30,67.2,5.17,2556765,2003,
Uzbekistan,62,99,99,32,67.1,5.44,2527185,2002,
Uzbekistan,,99,99,34,67.4,5.28,2496445,2001,
Uzbekistan,,99,99,36,67.1,5.29,24654,2000,
Viet Nam,97,97,97,35,76,,,2015,
Viet Nam,95,96,95,35,75.9,7.7,,2014,
Viet Nam,59,93,59,35,75.7,7.17,,2013,
Viet Nam,97,97,97,36,75.6,6.96,,2012,
Viet Nam,95,96,95,36,75.4,6.2,,2011,
Viet Nam,88,94,93,35,75.2,6.36,,2010,
Viet Nam,94,97,96,35,75,6.4,,2009,
Viet Nam,87,93,93,35,74.9,5.53,,2008,
Viet Nam,67,92,92,35,74.7,6.9,,2007,
Viet Nam,93,94,94,35,74.6,5.56,,2006,
Viet Nam,94,94,95,36,74.4,5.38,,2005,
Viet Nam,94,96,96,36,74.2,5.9,,2004,
Viet Nam,78,96,99,37,74,4.84,,2003,
Viet Nam,,92,75,39,73.8,4.7,,2002,
Viet Nam,,96,96,41,73.6,5.17,,2001,
Viet Nam,,96,96,43,73.4,4.89,,2000,
Yemen,69,63,69,47,65.7,,,2015,
Yemen,73,67,73,47,65.4,5.64,,2014,
Yemen,73,67,73,46,65.4,5.78,,2013,
Yemen,67,68,67,46,64.7,5.73,,2012,
Yemen,69,69,69,45,64.6,5.4,,2011,
Yemen,76,77,76,45,64.4,5.17,,2010,
Yemen,76,76,76,46,64.1,5.32,,2009,
Yemen,78,78,78,47,63.8,5.12,,2008,
Yemen,79,79,79,49,63.4,4.92,,2007,
Yemen,78,78,78,51,63,4.82,,2006,
Yemen,8,8,79,53,62.6,4.58,,2005,
Yemen,43,72,72,56,62.2,4.9,,2004,
Yemen,38,61,61,58,61.9,5,,2003,
Yemen,31,64,65,61,61.5,4.22,,2002,
Yemen,19,73,73,63,61.1,4.34,,2001,
Yemen,14,74,74,66,68,4.14,,2000,
Lao People's Democratic Republic,89,89,89,11,65.7,,,2015,
Lao People's Democratic Republic,88,88,88,11,65.3,1.87,,2014,
Lao People's Democratic Republic,87,86,87,12,64.9,2,,2013,
Lao People's Democratic Republic,79,78,79,12,64.4,2.12,,2012,
Lao People's Democratic Republic,78,79,78,13,64,2.2,,2011,
Lao People's Democratic Republic,74,76,74,13,63.6,2.75,,2010,
Lao People's Democratic Republic,67,67,67,14,63.1,3.77,,2009,
Lao People's Democratic Republic,61,6,61,14,62.6,2.77,,2008,
Lao People's Democratic Republic,5,46,5,15,62.1,4.14,,2007,
Lao People's Democratic Republic,57,56,57,15,61.5,4.14,,2006,
Lao People's Democratic Republic,49,5,49,16,61,4.32,,2005,
Lao People's Democratic Republic,45,46,45,16,64,4.54,,2004,
Lao People's Democratic Republic,5,52,49,17,59.8,4.91,,2003,
Lao People's Democratic Republic,,55,53,18,59.3,4.4,,2002,
Lao People's Democratic Republic,,55,52,19,58.7,4.32,,2001,
Lao People's Democratic Republic,,57,51,20,58.1,3.41,,2000,
